,uuid,username,title,community_name,url,description,published
0,BOERRW8N26WEYZQSOVC7XUSJ,HotSwap_,Laid off for 8 weeks. Anyone else starting their python journey?,Python,https://i.redd.it/uqia9wc853n41.jpg,,2020-03-17T03:23:03
1,BOERVITLEFY7M6DJVZ4YV8YR,R0dartha,I created a python script to generate color palettes from images (info + github link in comments),Python,https://i.redd.it/70kl5aweqpu31.jpg,,2019-10-26T00:21:00
2,BOERVY6NBND8V99VK3TIZ6EB,StreetStatistician,"The entire MIT Intro Computer Science class using Python is available for free, with course materials.",Python,https://www.youtube.com/watch?v=ytpJdnlu9ug&list=PLUl4u3cNGP63WbdFxL8giv4yhgdMGaZNA,,2018-12-21T03:43:12
3,BOERSQYQWLQHH5JG14PC5PNN,sothisiswhyhmm,"3 days ago, told my wife I‚Äôd learn to code and change careers if I get laid off. I got let go 2 days ago. I‚Äôm in my 40s and don‚Äôt know what coding is.",Python,https://i.redd.it/uchxh9rqnjq41.jpg,,2020-04-03T14:07:38
4,BOERR1IJ7S2CGTY5CLZ3PZXF,redditNewUser2017,I've made a 3D scanner that's fully automated using Python script on Android phone!,Python,https://v.redd.it/n8nsbsq0pfh41,,2020-02-17T15:12:31
5,BOERSJA7Y00YUM3A72D23QXV,toastyCSboi,I wrote a Python program to play Google Dinosaur Game using Gesture Recognition,Python,https://v.redd.it/h0i88azauvb41,,2020-01-20T15:05:04
6,BOERVQI4D1NQ8PTPQ1H8X7OJ,mikasarei,Hexapod Robot Simulator with only Numpy and Plotly Dash,Python,https://v.redd.it/uxfc7gjku8t41,,2020-04-17T05:00:31
7,BOERVB52FU8OZMXE1WSOTA8Z,amachefe,Microsoft Considers Adding Python As an Official Scripting Language in Excel,Python,https://developers.slashdot.org/story/17/12/15/1133217/microsoft-considers-adding-python-as-an-official-scripting-language-in-excel,,2017-12-17T15:10:30
8,BOERR9726DRV3DEB6OBDRYN7,Alexanderdaawesome,Python's response to MATLAB,Python,https://i.redd.it/lunmi0varne31.jpg,,2019-08-06T00:38:00
9,BOERTLOUR0KJZBC3DE2GDKIR,korniko,"Python Section at Foyle's, London",Python,https://i.redd.it/4o8d01o5e0az.jpg,,2017-07-17T03:50:44
10,BOERUO3HK14540KWJPRUNE3N,dibs45,Change text in place with custom hotkeys (Python Keyboard Listener),Python,https://v.redd.it/g0xfnan4euj41,,2020-02-29T18:44:39
11,BOERSBLOZEBG82N4D00S1S83,Ani171202,"Python project that answers high-school problems almost instantly. Made using Tesseract, Scrapy and Flask.",Python,https://v.redd.it/gvd3q20u0ng41,,2020-02-13T14:47:33
12,BOERQTU096CTUAHZIJMTO17N,Chilangosta,"MS is considering official Python integration with Excel, and is asking for input",Python,https://i.imgur.com/l2f9Zvb.jpg,,2017-12-15T02:24:25
13,BOERW5V6A92RHSQ1E65T1543,tycooperaow,These two books changed my life in 2018!,Python,https://i.redd.it/dramdluyhu721.jpg,,2019-01-02T01:18:40
14,BOERPZ3WERIRC4PC6A9PG6CJ,iEslam,"Lad wrote a Python script to download Alexa voice recordings, he didn't expect this email.",Python,https://i.redd.it/2s0dj8ob12u41.png,,2020-04-21T07:11:39
15,BOERQ6SFDD89YO5I0CLZI52B,backprop88,Automate the boring stuff with python - tinder,Python,https://gfycat.com/PointlessSimplisticAmericanquarterhorse,,2017-12-19T08:47:56
16,BOERTTDDPMA2LUS97GEQFJ8J,shardul08,Found this on twitter,Python,https://i.redd.it/dbmkeewxipl31.jpg,,2019-09-10T14:01:54
17,BOERSYN9V7G03OZLV71M7ODF,rubickcz,"We started late, but we managed to leave Python footprint on r/place!",Python,https://i.redd.it/t29ko63dwipy.png,,2017-04-04T19:40:55
18,BOERU11WO7ZL8E8F1IR0HHYB,Omz________,I made a python drawing,Python,https://v.redd.it/t1ddbj432cm31,,2019-09-13T17:48:29
19,BOERUGEYLFEMHH4QPNFKLFDV,doggertron_,"My 12 year old just shouted ""Dad I made a copy of flappy birds"". My response ""Yeah right!"". To my amazement he did. I genuinely didn't even know he was doing this. He used Python and PyGame apparently.",Python,https://i.redd.it/7sb9ffimlwz31.png,,2019-11-21T04:47:51
20,BOERQEGYBYXSL7LNUEY9K3S3,janky_british_gamer,"Just finished programming and building my own smart mirror in python, wrote all of the code myself and implemented my own voice control and facial recognition features",Python,https://i.redd.it/24ug9g82dju31.jpg,,2019-10-25T02:55:30
21,BOERU8QFMTP3UXOKVL3AJGO3,Phantom569,My python image/GIF glitching library is now on pypi!,Python,https://i.redd.it/os82omztkhi41.gif,,2020-02-22T22:35:57
22,BOERS3X60SLXLJ6YIXOHZTIB,MrGrj,[Beginner‚Äôs Guide] How to start programming in Python,Python,https://i.redd.it/kwubxzttulp41.jpg,,2020-03-29T20:26:47
23,BOERTE0BSEV1CRVXJBQ6BLSZ,Williamismijnnaam,hashtags,Python,https://i.redd.it/8ss44ve160141.jpg,,2019-11-27T02:26:29
24,BOERT6BSTT5IQ8FRP9DW9N37,bugboy404,My Professor wants hand written assignments. So I made MyhandWriting.. that can write in myway on a A4 sheet paper.,Python,https://v.redd.it/no19vtbyq4u41,,2020-04-21T16:16:44
25,BOERUVS0IMTNQK12DS44PCTF,diegoortiz2000,"Because of quarantine and online clases I made some scripts to automatically connect to my zoom classes to get more sleep, I also configured my Mac to show old recording of me as a virtual cam in zoom so I don't have to attend early classes",Python,https://i.redd.it/inog500edbo41.png,,2020-03-23T08:07:20
26,BOERRGVL4ZHDPWUH0QNNTXCZ,Igor_d7,Happy Holidays! Made a user-directed greeting card using Python Turtle Graphics,Python,https://v.redd.it/uo2qj6bed3441,,2019-12-12T07:51:02
27,BOERQM5HAKNB7R1TOHAJM2HV,LAMagicx,Just trying to create a orbit system in python and this happened...,Python,https://v.redd.it/8i70ps8doqr31,,2019-10-11T00:21:30
28,BOERV3GJH8J6D3H87UGERBJ7,IMFAILINGENGLISH,I made a little program that mutes spotify ads because i dont have the money to get premium . Not anything special but i think its quite neat. Any ideas on cool python projects i can build ?,Python,https://i.redd.it/47qqwabpvqv41.png,,2020-04-29T19:46:06
29,BOERROK43L6WCGAMUSZXVW2R,winner_godson,Python Cheet Sheet for begineers,Python,https://i.redd.it/4iklecheyw601.jpg,,2017-12-30T03:34:05
30,YETHNK6QY4IEWF0D0ZJGATR7,Senno_Ecto_Gammat,The descent and landing of the falcon 9 booster after yesterday's launch,space,https://i.imgur.com/2RCnYHi.gifv,,2017-12-17T08:01:48
31,YETHR6RPADK7JLN483C787XF,[deleted],Holding pieces of the moon and mars at the same time,space,https://i.redd.it/oc74t0xgpyr01.jpg,,2018-04-15T08:00:05
32,YETHRM4R7KZ8SOJFW80RC5CZ,gDisasters,"The Sun photographed from the same spot, at the same hour, on different days throughout the year",space,https://i.imgur.com/WI9ePTE.jpg,,2017-06-25T20:59:17
33,YETHOEWUSJCHEKT0D8WKIOMB,Jfredolay,The image on the left was my first picture of Jupiter I've ever taken. The right image is after 6 months of practice. Hope you guys like the progress!,space,https://i.redd.it/82c7am0jms101.png,,2017-12-04T07:40:14
34,YETHMPGN3POCE97POQ6C2YW3,SpaceRustem,Astronomers Capture First Image of a Black Hole,space,https://www.eso.org/public/news/eso1907/,,2019-04-10T21:08:52
35,YETHO78BTXMYS1CUJ6KAGPWJ,hepatitebolaids_b,Breaking: Steven Hawking has died at age 76.,space,https://www.reddit.com/r/space/comments/84aehn/breaking_steven_hawking_has_died_at_age_76/,"[From the Guardian](https://www.theguardian.com/science/2018/mar/14/stephen-hawking-professor-dies-aged-76)

[Statement from the family](https://mobile.twitter.com/evanmcmurry/status/973767381431603206)

[From the BBC](http://www.bbc.com/news/uk-43396008)

Okay, we get it, he died on pi day. Beating a dead horse. ",2018-03-14T11:46:15
36,YETHREG88Z9Q653A25OHA6N7,Gonarhxus,For those confused about the orientation of the M87 black hole photograph.,space,https://v.redd.it/are75qzfdor21,,2019-04-12T02:09:10
37,YETHQZ36BRUOX26YE0ZX697N,SPACESHUTTLEINMYANUS,"For the past three years, I've been writing software to process this image of the 2017 solar eclipse, here is the first result from my code!",space,https://i.redd.it/zl4y3zv0k7h41.jpg,,2020-02-16T11:50:05
38,YETHMX562BDV0SNVISIM4XLV,SuperDuperJake2,Falcon Heavy has a successful launch!!,space,https://www.reddit.com/r/space/comments/7vqgkv/falcon_heavy_has_a_successful_launch/,,2018-02-07T04:47:17
39,YETHP9MYMY6JWQLNPI9OQJHF,bobekyrant,Astronaut Samantha Cristoforetti Wears 'Star Trek' Uniform in Space,space,https://i.redd.it/tmv7wl9n0qt31.jpg,,2019-10-21T00:14:14
40,YETHQC1LFYQ51FUGVTZ30D2B,FourOneFour,Underground Lake of Liquid Water Detected on Mars,space,https://www.popularmechanics.com/space/moon-mars/a22541370/underground-lake-liquid-water-mars/,,2018-07-25T21:59:35
41,YETHNZJSVBXG5HWOP480ER6R,Idontlikecock,I teamed up with a fellow redditor to try and make the best moon shot we could. Here is the result!,space,https://i.redd.it/kmt13rkm7qm41.jpg,,2020-03-15T08:00:06
42,YETHMHS453YTRPRJUNU2106B,Fizrock,"And just like that, a space race is born.",space,https://i.imgur.com/5qShsue.jpg,,2017-12-10T08:04:45
43,YETHRTTA66ORF7ZLQAD1E42R,ajamesmccarthy,"My best shot of Saturn so far, taken with an 8"" telescope from my backyard in Sacramento. [OC]",space,https://i.redd.it/9sx79j4of9l31.png,,2019-09-08T08:00:03
44,YETHLN20AP4R9JYWIEGXT5B7,__Augustus_,"I'm 17 years old and just finished building this 14.7"" f/2.89 Newtonian reflector telescope. Despite its stubby size it collects roughly 2500 times more light than the human eye and is bigger than the scope at my local observatory.",space,https://i.redd.it/luf6z5ghfop41.jpg,,2020-03-30T05:08:26
45,YETHLUQJ9AU9W3F2CGT7V40Z,KushloverXXL,"Half-naked girls get thousands of upvotes, how many for our boy in blue?",space,http://static3.businessinsider.com/image/565472f0c28144c1018b4fa7/elon-musk-congratulates-jeff-bezos-for-his-amazing-rocket-landing-and-reminds-everyone-that-spacex-is-still-ahead.jpg,,2017-04-01T23:26:52
46,YETHPHBHLJW2JA1TJKLYSI77,ajamesmccarthy,"Our solar system in 2018, a composition from pictures i was able to take from my backyard",space,https://i.redd.it/0r7wgjn7y8a21.png,,2019-01-14T04:03:00
47,YETHOMLDR52014967B8UKNC3,berrysardar,The speed of light between Earth and Moon in real time,space,https://i.imgur.com/PS0vSkm.gif,,2019-01-20T20:03:37
48,YETHPP00K5LL5THZDMY8UGWZ,johnkphotos,I photographed the International Space Station crossing the full moon Thursday evening during a transit window which lasted a mere 0.58 seconds,space,https://i.redd.it/3zp57fd1cca41.jpg,,2020-01-12T20:23:25
49,YETHQ4D2HD0MEWEB1RMSYECJ,Jfredolay,"This is my best picture of Saturn, taken from my backyard. Merry Christmas Everyone!",space,https://i.redd.it/m999hrkb3x501.png,,2017-12-25T03:01:19
50,YETHM2F27WJSIMV86J5HX2QR,ajamesmccarthy,"I took nearly 50,000 images of the night sky to make an 81 Megapixel image of Tuesday's moon. Uncompressed image linked in the comments. [OC]",space,https://i.redd.it/d1aehdnbq0h21.jpg,,2019-02-17T08:00:06
51,YETHPWOJIRB3SCY57PAIWFMR,TMahlman,I woke up at 3am this morning to take a picture of 4 butts and a rocket.,space,https://i.redd.it/9b72892d2kxz.jpg,,2017-11-12T22:36:48
52,YETHNRV9WQ7XIYGIV1VQCSGZ,advillious,Right now Mars is closer and brighter than it‚Äôs been since 2003. It‚Äôs so bright it‚Äôs casting a reflection on the ocean as it rises. Took this two nights ago in Rhode Island,space,https://i.imgur.com/IKEjwBc.jpg,,2018-07-15T20:49:23
53,YETHP1YFOCH1A75HVFXEOKRN,chucksastro,The Needle Galaxy is nearly 50 million light-years away. I used 11 hours of exposure time to capture it from my backyard.,space,https://i.redd.it/eddbn0hcjl741.jpg,,2019-12-30T00:08:13
54,YETHOU9WPQRINNPC1DL4MM1V,ajamesmccarthy,"One year ago I shared my highest resolution picture of our moon. Last night I created an improved version, combining 140,000 pictures. 400 megapixel full resolution linked in the comments. [OC]",space,https://i.redd.it/h8imvrbshee41.jpg,,2020-02-02T08:00:04
55,YETHQJQ4EKFNNZAMPWBD2BS3,gaslightjoe,"Astronaut John Young has died, the only person to have piloted, and been commander of, four different classes of spacecraft: Gemini, the Apollo Command/Service Module, the Apollo Lunar Module, and the Space Shuttle.",space,https://twitter.com/stationcdrkelly/status/949690130842845184,,2018-01-07T01:19:04
56,YETHN4TP0X3DNC41CUUW6WBN,Elenore_Duff,Amazing footage of Earth during a spacewalk on ISS,space,https://v.redd.it/tf6r1v7ojg721,,2018-12-31T02:24:54
57,YETHMA3L6I9B56BE0LHRZ1GJ,EarlyNeedleworker,The clearest image of Mars ever taken!,space,https://i.redd.it/bd8nopgsbw631.jpg,,2019-09-15T20:53:29
58,YETHQREND656AIQSJYNN4AHV,johnkphotos,"I photographed the International Space Station crossing this morning's full moon! The ISS orbits Earth at 17,500mph, and this transit lasted only 0.90 seconds.",space,https://i.imgur.com/ZRCR2zD.jpg,,2017-11-05T08:00:04
59,YETHNCI7ZISW9VK76X768V1F,everydayastronaut,"I drove 1,400 miles (2,250 km) to put a camera 1,500 feet (466m) from SpaceX‚Äôs Falcon Heavy. It was worth it.",space,https://i.redd.it/ekarf1ee5hf01.jpg,,2018-02-11T08:00:29
60,2N9V5EVG5QAUM4X4CERG89CTF,IngrossoAxwell,President Obama Signs BOTS Act of 2016 Which Makes It Illegal for Bots to Buy and Resell Tickets,Music,http://bythewavs.com/president-obama-signs-better-online-ticket-sales-bots-act-2016/,,2016-12-16T08:11:10
61,2N9V5II142JWES3R3LV8Z6QZN,BunyipPouch,R. Kelly Dropped by Sony Music,Music,https://variety.com/2019/biz/news/r-kelly-dropped-sony-music-1203106180/,,2019-01-19T02:00:31
62,2N9V5IXE5ZRBG16NF9ZXJAOF7,CoS_Alex,"Prince, when asked if he would ever perform alongside a hologram of a dead musician: ""That‚Äôs the most demonic thing imaginable. Everything is as it is, and it should be. If I was meant to jam with Duke Ellington, we would have lived in the same age.""",Music,https://www.reddit.com/r/Music/comments/7v23ew/prince_when_asked_if_he_would_ever_perform/,"According to TMZ, Justin Timberlake's Super Bowl Halftime performance will feature a hologram of Prince. 

Prince was actually asked about the topic in an [interview from 1998](https://sites.google.com/site/themusicinterviewarchive/prince/prince-1998-guitar-world-interview), and he was vehemently against it.",2018-02-04T05:06:09
63,2N9V5FQ69KPOON2WZR0TCH7OJ,BunyipPouch,"Dr. Dre Boasts About Daughter Getting Into USC ‚ÄòAll on Her Own,‚Äô Then Remembers $70 Million Donation and Deletes Twitter Post",Music,https://variety.com/2019/music/news/dr-dre-usc-daughters-tweet-deleted-felicity-huffman-usc-1203171304/,,2019-03-26T00:52:55
64,2N9V5E0Q1VW0JMRBP2I341HYB,no-change,"Neil Peart, drummer for Rush has passed away at age 67",Music,https://www.rollingstone.com/music/music-news/neil-peart-rush-obituary-936221/,,2020-01-11T05:03:13
65,2N9V5FIHQM3Z60JGTWYH2F8YR,ThisIsOzzyOsbourne,"I'm singer, songwriter and entertainer. I‚Äôm Ozzy Osbourne, also known as the Prince of Darkness. My first new solo album in 10 years, Ordinary Man, is out now! Ask Me Anything.",Music,https://www.reddit.com/r/Music/comments/f9duxz/im_singer_songwriter_and_entertainer_im_ozzy/,"Hi Reddit. I'm Ozzy Osbourne, also known as the Prince of Darkness. I've won a few Grammys and been inducted in the Rock and Roll Hall of Fame. My new album, Ordinary Man, is finally here and I'm excited to talk to you all about it. Feel free to ask questions about anything and everything.

 

Listen to the album here: https://ozzy.lnk.to/OrdinaryMan

Proof: https://i.redd.it/xvctgxqlxwi41.jpg",2020-02-26T01:35:45
66,2N9V5IPPN15LXEN79FXL98PPF,[deleted],TIL about a website called Boil the Frog - put in two artists of different genres and you'll get a Spotify playlist that gradually and seamlessly takes you from point A to point B.,Music,https://www.reddit.com/r/Music/comments/71fe3y/til_about_a_website_called_boil_the_frog_put_in/,"(inb4 /r/TitleGore)

According to the website itself: Boil the Frog lets you create a playlist of songs that gradually takes you from one music style to another. It's like the proverbial frog in the pot of water. If you heat up the pot slowly enough, the frog will never notice that he's being made into a stew and jump out of the pot. With a Boil the frog playlist you can do the same, but with music. You can generate a playlist that will take the listener from one style of music to the other, without the listener ever noticing that they are being made into a stew.

I'm using it right now for the first time, so I can't really comment on the validity of their claim... but it's certainly a really damn cool idea. I'll give an update if my ""from Maya Jane Coles to Boris"" mix actually worked out.

[and here's the link to Boil the Frog so you can try for yourself](http://static.echonest.com/BoilTheFrog/)",2017-09-21T08:10:07
67,2N9V5IACL3Y6W5KAXRSWP4S9V,mrdude817,Dead Kennedys - Nazi Punks Fuck Off [Punk],Music,https://www.youtube.com/watch?v=hxd8ml-n5NE&feature=share,,2017-08-13T02:44:04
68,2N9V5E8EKUHQ29ARUWKFE3GO3,visualdon,Chris Brown steals my video.,Music,https://www.reddit.com/r/Music/comments/dkjeay/chris_brown_steals_my_video/,"[Screenshot](https://i.imgur.com/SyY5Z7f.jpg)

[My original post](https://www.instagram.com/p/B14FoAMH7io/) & [Post on his Instagram @chrisbrownofficial](https://www.instagram.com/p/B3zqK1yhEY3/)

[I also posted this visual to reddit a while ago](https://old.reddit.com/r/woahdude/comments/cycxyu/a_space_visual_i_just_made/)

I actually let people download my visuals free as long I am credited, many people do not credit unfortunately.",2019-10-20T21:09:09
69,2N9V5GKWDF4IR58PN3A6GP2JN,NoSubrannke,"Dave Chappelle Puts On Massive Block Party In Dayton in Honor of Mass Shooting victims. 20k in attendance. Entertainers seen at the event include Kanye West, Chris Rock, Chance the Rapper, Talib Kweli, Jon Stewart and Michael Che",Music,https://www.daytondailynews.com/events/the-gem-city-ready-shine-oregon-district-party-about-get-under-way/OtCsDEb1JcC9VUnYVYhNFJ/,,2019-08-26T06:45:52
70,2N9V5HNB0852C9XYG9LVUYW4J,harveythecomputer,Pink Floyd‚Äôs David Gilmour Sold His Guitars for $21.5 Million‚ÄîAnd Donated Everything to Fight Climate Change,Music,https://www.motherjones.com/media/2019/06/recharge-59-climate-change-guitar-auction-pink-floyd/?fbclid=IwAR2Y0xVEgt9a9gNUkTJhK1F7aL1TKzS4oMNpK7XSJU_6PmI7mx9rU5zRwvQ,,2019-06-27T02:30:49
71,2N9V5FAT7NI9NE00O2W4SDA8Z,NamikazeKage,Jack Black and Jack White finally team up to record a song as Jack Gray,Music,https://ew.com/music/2019/08/12/jack-black-jack-white-tenacious-d-team-up-new-song/,,2019-08-13T05:40:59
72,2N9V5DT1IXAB107VJ8FQTZJ8J,CremasterFlash,"40 year old rock station in Chicago replaced by Christian radio at midnight last night. Signed off with Motley Crue‚Äôs ‚ÄúShout at the Devil‚Äù, Iron Maiden‚Äôs ‚ÄúThe Number of the Beast‚Äù, and AC/DC‚Äôs ‚ÄúHighway to Hell"".",Music,http://ultimateclassicrock.com/wlup-last-songs-devil/?trackback=tsmclip,,2018-03-11T05:22:11
73,2N9V5J52OYD0YNQ3L429TCN4Z,commyostrich,Ticketmaster.. I'm trying to buy a $25 ticket to Streetlight Manifesto and you're charging TWENTY DOLLARS in fees... Seriously??,Music,https://www.reddit.com/r/Music/comments/7ogtkr/ticketmaster_im_trying_to_buy_a_25_ticket_to/,"At this point, I had accepted fees as a fact of life. You want a concert ticket, pay $5 ...maybe $10 in fees. So be it. Sucks. 

But when the ticket price nearly DOUBLES when fees are added, that's just absurd! What is [this](https://i.imgur.com/PDYxoRQ.png) damn $11 service fee for?? And a venue AND an order processing fee?? Who knew the computers handling ticket sales were so expensive to run that you must charge to use them for every single sale. Incredible.

So freaking angry at their stupid fees. My god. Was super pumped to see one of my favorite bands play a classic album from 20 years ago and was willing to travel about 2 hours to go see it (and probably still will) but damn you know how to take advantage of people when there is no other option in place other than physically getting to the venue.

EDIT: For anyone still checking this: thought I‚Äôd share this update Streetlight Manifesto shares to their Facebook page. https://imgur.com/a/HQ8Pv

Guess they weren‚Äôt aware of the severity of the fees after all.",2018-01-06T11:45:38
74,2N9V5CYBF2VGYI22VW6DPRODF,JPTIII,The FCC is about to kill net neutrality. We‚Äôre protesting nationwide on Dec 7th to stop them.,Music,https://www.reddit.com/r/Music/comments/7ekwu9/the_fcc_is_about_to_kill_net_neutrality_were/,"**tldr: The FCC is about to kill net neutrality. We‚Äôre protesting nationwide on Dec 7th to stop them.
Head over to http://www.verizonprotests.com/ for more info.**

**WHAT‚ÄôS HAPPENING?**
The Federal Communications Commission (FCC) just [announced](https://www.techdirt.com/articles/20171120/11253438653/fcc-plan-to-use-thanksgiving-to-hide-attack-net-neutrality-vastly-underestimates-looming-backlash.shtml) its plan to slash net neutrality rules, allowing ISPs like Verizon to block apps, slow websites, and charge fees to control what you see & do online. They vote December 14th. People from across the political spectrum are outraged, so we‚Äôre planning to protest at Verizon retail stores across the country on December 7, one week before the vote and at the peak of the busy Holiday shopping season. We'll demand that our members of Congress take action to stop Verizon's puppet FCC from killing net neutrality.

**WHAT‚ÄôS NET NEUTRALITY?**
Net neutrality is the [basic principle](https://www.theatlantic.com/technology/archive/2014/05/the-case-for-rebooting-the-network-neutrality-debate/361809/) that has made the Internet into what it is today. It prevents big Internet Service Providers (like Verizon) from charging extra fees, engaging in censorship, or controlling what we see and do on the web by throttling websites, apps, and online services.

**WHY VERIZON STORES?**
The new chairman of the FCC, Ajit Pai, is a former top lawyer for Verizon, and the company has been spending millions on [lobbying](https://www.theverge.com/2017/7/12/15959932/comcast-verizon-att-net-neutrality-day-of-action) and lawsuits to kill net neutrality so they can gauge us all for more money. By protesting at Verizon stores, we‚Äôre shining light on the corruption and demanding that our local do something about it. Only Congress has the power to stop Verizon's puppet FCC, so at the protests we'll be calling and tweeting at legislators, and in cities where it's possible we'll march from Verizon stores to lawmakers offices.

**WHAT ARE OUR DEMANDS?**
Ajit Pai is clearly still working for Verizon, not the public. But he still has to answer to Congress. So we‚Äôre calling on our lawmakers to do their job overseeing the FCC and speak out against Ajit Pai‚Äôs plan to gut Title II net neutrality protections and give Verizon and other giant ISPs everything on their holiday wishlist. 

**HOW CAN I JOIN?**
[Click here](https://events.battleforthenet.com/#eventType=protestrally) and you‚Äôll find an interactive map where you can see if there is already a protest planned near you. If not, you can [sign up to host one](http://act.demandprogress.org/event/team-internet/create/), and we‚Äôll send you materials to make it easy and help you recruit others in your area. These protests will be quick, fun, and 100% legal. If you can‚Äôt attend a protest on December 7th, you can still help defend net neutrality by [calling your lawmakers](http://battleforthenet.com/) and spreading the word on social media. You can also sign up to host a meeting with your members of Congress, or volunteer for our texting team to help turn people out for these protests.",2017-11-22T04:29:11
75,2N9V5D5ZY1H6H4LJ1Q8PZTN37,JPTIII,"The FCC is expected to announce a vote to gut net neutrality rules the day before Thanksgiving. Only a big burst of phone calls to Congress can stop them from allowing ISPs to charge us extra fees to access sites, apps, games, and especially the music we all love.",Music,https://www.reddit.com/r/Music/comments/77fow0/the_fcc_is_expected_to_announce_a_vote_to_gut_net/,"Hey everyone, **the chairman of the FCC, is very likely to announce a vote to gut neutrality, possibly as soon as Nov. 22nd.** Once a vote is called, it will become much, much harder to stop ISPs from charging us all extra fees to access streaming services or watch music videos -- and they can demand payment from independent artists and labels, stifling independent voices

**[But there‚Äôs still hope. The most effective way to can stop this is by driving as many calls as possible to our Senators and Representatives, now through Nov. 22nd. ](https://www.battleforthenet.com)**

We're getting word that there are lawmakers who are sympathetic to our cause and considering taking action to slow the FCC down, but they won‚Äôt act unless they get more phone calls from constituents. Also, if your think your Rep's opposed to net neutrality, its all the more reason to call them. Those Reps need to hear your voice more than anyone.

**Please, head over to https://www.battleforthenet.com , and give your Senators and Reps a call telling them to stop the FCC from slashing Title II net neutrality protections.** The time to act is now.

To reach the call in line directly by phone, **call 202-930-8550**.

When you get through to your Rep's office, introduce yourself, be polite, and say: 
> I support ""Title Two"" net neutrality rules and I urge you to oppose the FCC's plan to repeal them. Specifically, I'd like you to contact the FCC Chairman and demand he abandon his current plan.

We also have ready-made banners, modals, and graphics of various sizes here: https://www.battleforthenet.com/#join

Thanks.",2017-10-20T00:50:50
76,2N9V5GSKWDQ89RS5SXCIQR19F,CrazyChicken007,Swedish newspaper says Avicii is dead.,Music,https://www.reddit.com/r/Music/comments/8dpb6y/swedish_newspaper_says_avicii_is_dead/,"Here is the article: https://www.dn.se/kultur-noje/avicii-ar-dod/

EDIT: Found another one from the biggest newspaper in Sweden: https://www.svt.se/kultur/uppgift-artisten-avicii-ar-dod

~~I will post an english one as fast as I can.~~

This is the first english article I found: https://www.hollywoodreporter.com/news/avicii-dead-swedish-musician-was-28-1104501

EDIT2: Here are some more english articles: 

[Time](http://time.com/5248599/avicii-dies/)

[Bloomberg](https://www.bloomberg.com/news/articles/2018-04-20/urgent-producer-and-dj-known-as-avicii-has-been-found-dead)

[Variety](http://variety.com/2018/music/news/avicii-dead-at-28-1202772767/)

[CNN](https://edition.cnn.com/2018/04/20/entertainment/avicii-dj-dead/index.html)	

[BBC](http://www.bbc.co.uk/news/world-europe-43841194)",2018-04-21T01:19:57
77,2N9V5FXUSJBE79MD5L35MJ6EB,Beatle_Matt,Mad respect to Lady Gaga for not lip-syncing during that half-time show.,Music,https://www.reddit.com/r/Music/comments/5sb94w/mad_respect_to_lady_gaga_for_not_lipsyncing/,"A lot of pop stars would lip sync but she went out and killed it. 

What a voice!

EDIT: also like some people mentioned, it wasn't overtly political, and certainly not overtly sexual. Just pure talent, and an amazing show!",2017-02-06T09:23:12
78,2N9V5H09FCBXSEBLYREV0SZZ7,emilNYC,"After Chris Brown challenges rapper Offset to a fight, he claps back with 'Only People You Go to Toe to Toe With Is Women'",Music,https://www.complex.com/music/2019/02/offset-responds-to-chris-brown,,2019-02-08T09:51:41
79,2N9V5HFMH9JCTNEIAFJJKWXER,Existential_baguette,"Mozart Officially Sold The Most CDs In 2016, Beats Drake",Music,http://www.konbini.com/us/entertainment/mozart-officially-sold-the-most-cds-in-2016-beats-drake/,,2016-12-11T22:01:23
80,2N9V5DDOH02VZR4Z7KB29VLSZ,rel4th,Linkin Park singer Chester Bennington passes away aged 41,Music,http://www.mirror.co.uk/3am/celebrity-news/chester-bennington-linkin-park-dead-10840345,,2017-07-21T02:16:16
81,2N9V5H7XYAXNB0V24LH7AUYOZ,SAT0725,"Congress votes to ban ""bots"" from snapping up concert tickets",Music,http://arstechnica.com/tech-policy/2016/12/congress-passes-bots-act-to-ban-ticket-buying-software/,,2016-12-09T04:11:30
82,2N9V5F34OOWK4RGKI8TSIBBJ7,NickCageIsAWoman,Eminem Celebrates 10 Years of Sobriety,Music,http://people.com/music/eminem-10-years-sober-medallion/,,2018-04-23T07:20:26
83,2N9V5GD7UGIT8IP9H97U6N3TV,Callahandy,"David Bowie dies, age 69.",Music,http://www.hollywoodreporter.com/news/legendary-artist-david-bowie-dies-854364?utm_source=twitter,,2016-01-11T14:48:01
84,2N9V5G5JBHX3PW5TBF5HWL543,CheloniaMydas,"Pearl Jam tickets for the two London shows went on sale at 11:00am GMT today. At 11:00 GMT today tickets were sold out. Already tickets pooping up for resale at 3x the price. What the fuck is this bullshit, fans being gouged whilst pigs try to profit",Music,https://www.reddit.com/r/Music/comments/7iesdx/pearl_jam_tickets_for_the_two_london_shows_went/,"My girlfriend sat there this morning for a whole hour not waiting leave her laptop in order to purchase just two tickets but as soon as they were ""live"" they were no longer even available. Pearl Jam is her favourite band and to lose out to people only in to profit is not a good feeling. Genuine fans are being fleeced for money above the price the band themselves deemed fair for the tickets

Yes this was mainly just a rant but this behavior is disgusting.

On top of the 3x price hike these do not include fees.... what the fuck are the fees for? Do they pay the bots they set up to grab the tickets? 

edit: yes I know I spelled popping up wrong

edit 2: I have seen some tickets for now 6x/7x the price of the original although these were only a few so far

edit 3: sorry for the slightly colourful language in the title I was and still am angry at the situation",2017-12-08T20:56:30
85,2N9V5HUZJ6QRUWHEM3O850UUB,ReallyRickAstley,"[AMA] I'm really Rick Astley. I swear. And to celebrate my first album since 1993, I'm here to let you Ask Me Anything!",Music,https://www.reddit.com/r/Music/comments/56cdgm/ama_im_really_rick_astley_i_swear_and_to/,"Hi Reddit!

You may have seen - my first album since 1993 is out today! You can get 50 on [iTunes, Amazon or Spotify](http://smarturl.it/RickAstleyS01), or even get the vinyl and signed photograph version on my [website](https://rickastley.tmstor.es/). 

But other than the album, I'm really excited to be hopping on Reddit today to talk with you guys! This is going to be a lot of fun, and I can't wait to get started.

I'll be here at 3pm ET to answer your questions, and u/courtiebabe420 will be joining me in person to help. She'll also help get proof up when we get started later today. 

Follow me on [Twitter](https://twitter.com/rickastley), [Facebook](http://www.facebook.com/rickastley), or [Instagram](https://instagram.com/officialrickastley/) and check out my music on [Youtube](https://www.youtube.com/c/RickastleyCoUkOfficial) or [Spotify](https://open.spotify.com/artist/0gxyHStUsqpMadRV0Di1Qt).

Okay - keep the questions coming. See you guys at 3pm (eastern) today!

Edit: [Proof](https://twitter.com/rickastley/status/784460789113430016)

Let's get started!

**Edit 2: That was a lot of fun. I'd love to do it again sometime - all the best.  - Rick**",2016-10-08T00:55:42
86,2N9V5EG33T3FKVU80QMRO5FDV,Sasowex,Eminem just dropped a new album - Kamikaze - without any promo out of nowhere,Music,http://shady.sr/Kamikaze,,2018-08-31T12:16:06
87,2N9V5DLCZYOLIDOFDEDEJXKIR,mexicanland,Chance The Rapper is starting a new awards show for teachers,Music,http://www.avclub.com/chance-the-rapper-is-starting-a-new-awards-show-for-tea-1798729455,,2017-09-07T05:45:45
88,2N9V5I2O25CHDJ0URXQKF2TK3,robbman21,Chris Brown arrested after a show in Florida on a felony battery warrant. Can we please end this piece of trash's career already?,Music,https://www.reddit.com/r/Music/comments/8wlg8j/chris_brown_arrested_after_a_show_in_florida_on_a/,"Link to CNN article.

https://www.cnn.com/2018/07/06/entertainment/chris-brown-arrested-in-florida/index.html",2018-07-07T00:26:10
89,2N9V5ENRMRP53IDO6KP3Y7E3N,Woah142857,Eminem is the first and only artist to have 10 consecutive no. 1 albums,Music,https://www.nytimes.com/2020/01/27/arts/music/eminem-billboard.html,,2020-01-28T22:37:43
90,3N46HIEWYNPWUPY9I2R35KW83,anniebanannie1,[I ate] A freshly made stroopwafel,food,https://imgur.com/RpbMqU0,,2018-10-01T00:16:45
91,3N46HM1HWZYYND4W99UVWIAEB,sasaee,[i ate] Fluffy bouncy pancakes,food,https://i.redd.it/f2aipucrttn11.jpg,,2018-09-23T01:40:42
92,3N46HMGUYX6DOM7SKXZKGM7TV,teenitinijenni,[homemade] Rainbow Fruit Tart,food,https://i.redd.it/knq8twbtbsj01.jpg,,2018-03-05T01:52:35
93,3N46HJ9N2I4QX8425F0G9SR37,Johnsie408,[I Ate] Baguette sandwiches,food,https://i.redd.it/8n3tjwjfu6m31.jpg,,2019-09-13T00:17:58
94,3N46HHK6UTB2S7SGUQHQ1D1CZ,503Oregonboy,[Homemade] Apple Pie,food,https://i.redd.it/om7os2gpyv901.jpg,,2018-01-14T03:28:11
95,3N46HJ1YJJJ1ELKLZKY3ZQSDF,MissChienIK,[Homemade] Focaccia,food,https://i.redd.it/248usv4yu2r41.jpg,,2020-04-06T06:41:52
96,3N46HM96FYKO5ZOCF3X86K943,Qua0ar,[Homemade] A whale of a cake,food,https://i.redd.it/fp4ubxqb7eyy.jpg,,2017-05-19T13:26:48
97,3N46HLTTE1D94QLG3FSJMGBOJ,SwissJAmes,[I ate]My cappuccino came with a tiny ice cream,food,https://i.redd.it/5rq9nrumr2z01.jpg,,2018-05-21T05:01:13
98,3N46HHRVDRWSAUBX0KK2BF02R,ragsy1224,[Homemade] Honey Macarons,food,https://imgur.com/GvT5NVk,,2018-04-07T20:21:53
99,3N46HK4D6CJKZQ9USR9TE0LYB,vernetroyer,[Homemade] Lionfish Sashimi,food,https://i.redd.it/2rbvjstdfplz.jpg,,2017-09-14T03:50:36
100,3N46HL6RT5K4KUZ3LXLISAFJ7,anorexicpigg,[Homemade] Lemon Cupcakes with Blueberry Buttercream,food,https://i.redd.it/hlj7zv12yzn01.jpg,,2018-03-26T07:46:39
101,3N46HIUA0KXBVZ15TQVRPOTNN,outofgamut,"[I Ate]: Spaghetti ice cream - base layer of cream, covered with vanilla ice cream that‚Äôs forced through an extractor. Topped with raspberry sauce and bits of white chocolate.",food,https://i.imgur.com/D16thU6.jpg,,2019-10-05T22:03:04
102,3N46HHCIBUPD9L90OWFDRB2N7,ThUltimateGuy,[Homemade] Grandmas delicious 21 layer jello.,food,https://i.redd.it/f10dnffn8t8z.jpg,,2017-07-11T02:43:18
103,3N46HMOJHVS378R8QS1WQO6JN,babyggrg,[homemade] hot chicken sandwich w special spicy sauce on a homemade milk bun,food,https://i.redd.it/rrond09fxvr41.jpg,,2020-04-10T08:27:41
104,3N46HGHS80AJ73381K60N37S3,ThePieous,[Pro/Chef] ‚ÄúRaspbaby Yoda‚Äù Raspberry Pie,food,https://i.redd.it/mawg2yadyw241.jpg,,2019-12-06T09:11:10
105,3N46HGPGQYW8PPMO7E8CX56HV,aybrah,[Homemade] Blackberry-Lemon Cheesecake,food,https://i.redd.it/8c2ewx89ubg21.jpg,,2019-02-13T20:10:55
106,3N46HKC1PB5AICTAYLC5O2KO3,CaptainCasals,"[Homemade] Donuts (filled with guava, vanilla custard, and chocolate ganache)",food,https://i.redd.it/ji0284fyd2l41.jpg,,2020-03-06T22:41:57
107,3N46HJHBLGQGFUNIB92SJUPSZ,AkkiV,[Homemade] Fried Chicken Sandwich,food,https://i.redd.it/bo04mozcec711.jpg,,2018-07-01T22:01:08
108,3N46HKJQ89R00ZCR4FEHY4JDV,Sclerodermasucks17,"[Homemade] Cherry Vanilla French Toast, sage sausage, cheddar chive scrambled, garlic parsley home fries, and crispy sunny-side up.",food,https://i.redd.it/vut92hcqqsq41.jpg,,2020-04-04T20:40:27
109,3N46HKZ3A6YF28FNG3J6I8GTF,Skipperrutts,[Homemade] Spicy Miso Ramen with Duck,food,https://i.redd.it/he6tg7n0xep41.jpg,,2020-03-28T21:06:36
110,3N46HGX59XHY8C64D8AP7757N,GypsyWitch05,[Homemade] Kraken Pie,food,https://i.redd.it/fakylrl7fsl01.jpg,,2018-03-15T04:20:03
111,3N46HKRER8CPJLW7A9GU86I3N,tjseminara,"[Homemade] 887 Handmade ravioli, a 100+ year old Christmas tradition",food,https://i.redd.it/ysg2sa3amv821.jpg,,2019-01-07T06:08:44
112,3N46HIMLHMBMDCHPNWTFFMUXV,1------6EQUJ5-11--1-,"[MISC]'Mr. Paul' has passed today, he inspired a whole generation of cooks and held 3 stars Michelin since 1965. Merci et Bon Nuit, Chef.",food,https://i.redd.it/2cow0zag8bb01.jpg,,2018-01-21T07:54:10
113,3N46HJWONDXVH3QEMX7H3YN8J,twisted_dough,[Homemade] Brownies,food,https://i.imgur.com/ladH4wP.jpg,,2019-01-27T21:08:04
114,3N46HJP04FC5YH6YH354TWOIR,PandaMunchin,[Homemade] Pepperoni Pizza,food,https://i.imgur.com/dLfZevK.jpg,,2018-07-25T03:27:49
115,3N46HLEGC45U3HIJRRNV2CE8Z,Dermatoloid,[Homemade] Cactus Cupcakes,food,https://i.redd.it/ar9fw9xvbxp31.jpg,,2019-10-01T20:34:09
116,3N46HHZJWQIHTGVD6EMELGYSJ,ooogy,[Homemade] Breakfast sugar cookies,food,https://i.reddituploads.com/79773b951a1a45eeacacf3a7456de124?fit=max&h=1536&w=1536&s=e48522f93ca432f5f911fd877ef49694,,2017-03-21T07:02:34
117,3N46HH4TSW3NQYPKJ2D1H93XF,Unqualified2Live,[Homemade] Cherry/Blueberry Bunny Pie,food,https://i.redd.it/8djo455xsds41.jpg,,2020-04-12T20:34:19
118,3N46HLM4V2RJM41ZXLQ7CECYR,614_eats,[I ate] a barbecue sampler,food,https://i.redd.it/30zncxwhmra41.jpg,,2020-01-14T23:48:45
119,3N46HI78FP47C3ETC8OQVIXIB,Skipperrutts,[Homemade] Tonkotsu Ramen with Chashu Pork,food,https://i.redd.it/kbho0tl24f341.jpg,,2019-12-08T22:15:10
120,AV6T9LO2ZHU0F6GRBV3WIY8F7,BV5A6cx9NBZU78jDGG3t,"I wonder if we upvote this, is there a chance trading bots get confused and start buying?",Bitcoin,https://i.imgur.com/f6TnaFp.gif,,2018-12-08T06:22:12
121,AV6T9PANXU327TNE327P9VMLF,Active2017,"$7,900+!! (am i doing this right?)",Bitcoin,http://imgur.com/mERNBlP,,2017-11-17T06:52:30
122,AV6T9PQ0ZRAH92QAEQCDTZK0Z,JonathanMauri,Sold some bitcoin to buy my new best bud ü§ó,Bitcoin,https://i.redd.it/16bgn309ys401.jpg,,2017-12-19T11:56:21
123,AV6T9MIT3C8UHOMJZ7D9N63AB,chronic_nervosa,Investing Tips from a Pro,Bitcoin,https://i.redd.it/un9mdgl9dlp01.jpg,,2018-04-03T10:32:33
124,AV6T9KTCVNF6COAYOIUJEQDK3,KINNAHZ,I hope James is doing well,Bitcoin,https://i.redd.it/h4ngqma643101.jpg,,2017-11-30T17:50:46
125,AV6T9MB4KDN4Z233TDAXD44KJ,jankovize,"BREAKING: CIA turned every Microsoft Windows PC in the world into spyware. Can activate backdoors on demand, including via Windows update.",Bitcoin,https://wikileaks.org/ciav7p1/,,2017-03-07T21:44:40
126,AV6T9PICGSORQG6U8WA1JXLB7,Frogolocalypse,"Bitcoin breaks $5500, less than one day after it broke $5000.",Bitcoin,https://i.redd.it/f2p8tajk9irz.gif,,2017-10-13T10:06:28
127,AV6T9P2ZEVHCP73XX85CZTNVN,PineappleFund,I'm donating 5057 BTC to charitable causes! Introducing The Pineapple Fund,Bitcoin,https://www.reddit.com/r/Bitcoin/comments/7jj0oa/im_donating_5057_btc_to_charitable_causes/,"Hello! 

I remember staring at bitcoin a few years ago. When bitcoin broke single digits for the first time, I thought that was a triumphant moment for bitcoin. I watched and admired the price jump to $15.. $20.. $30.. wow!

Today, I see $17,539 per BTC. I still don't believe reality sometimes. Bitcoin has changed my life, and I have far more money than I can ever spend. My aims, goals, and motivations in life have nothing to do with having XX million or being the mega rich. So I'm doing something else: donating the majority of my bitcoins to charitable causes. I'm calling it üçç The Pineapple Fund.

Yes, donating ~$86 million worth of bitcoins to charities :)

So far, The Pineapple Fund has/is:

* Donated $1 million to Watsi, an impressively innovative charity building technology to finance universal healthcare.

* Donated $1 million to The Water Project, a charity providing sustainable water projects to suffering communities in Africa

* Donating $1 million to the EFF, defending rights and privacy of internet users, fighting for net neutrality, and far far more

* Donated $500k to BitGive Foundation, a charity building projects that leverage bitcoin and blockchain technology for global philanthropy. 

If you know a registered nonprofit charity, please encourage them to apply on the fund's website! While I prefer supporting registered charities, I am open to supporting charitable causes as well. Check out the website :)

# üçç https://pineapplefund.org/ 

All transactions are posted on the website for full transparency :)

-----

edit: **Pineapple Fund does not donate to individuals. Please do not post your addresses or PM.**

edit 2: Thanks for the gold! Highlighting new comments is a really useful feature <3 ",2017-12-13T21:00:57
128,AV6T9L11EM0VVAUEUCWVOSC9V,Xtreme110,Bitcoin.. The King,Bitcoin,https://i.redd.it/4tl0oustqed01.jpg,,2018-01-31T21:46:59
129,AV6T9NDJ76NOK6SCMJMMRDY5F,byte_coder,2018: lets run for office,Bitcoin,https://i.redd.it/oy1bmxd0on501.jpg,,2017-12-23T19:14:11
130,AV6T9OFXTZO85BHLFPYC5NRQB,SotakuKun,How To Invest In Bitcoin,Bitcoin,https://i.redd.it/cd9zqif6die11.jpg,,2018-08-07T01:31:21
131,AV6T9M3G1F1FGFJNNJ8L325UR,chronic_nervosa,Working Hard or Hardly Working?,Bitcoin,https://i.redd.it/c2o6204tvc301.jpg,,2017-12-12T04:49:58
132,AV6T9KLOCOTGU1RIIOS74OEUB,khaotickk,"Quick, upvote this to confuse everyone into thinking the price jumped back up.",Bitcoin,https://i.redd.it/pcioshemnac31.gif,,2019-07-25T02:24:16
133,AV6T9PXPIPW6RP9QKKEQ41IQR,crlxzzz,"Localbitcoins.com is illegally holding my 9.3 bitcoin on ""escrow"" since may 2015",Bitcoin,https://www.reddit.com/r/Bitcoin/comments/98uecl/localbitcoinscom_is_illegally_holding_my_93/,"&#x200B;

**Edit.**

Thanks for all your suggestions and support.

I've received news from localbitcoins, I will update this once the authorities get in touch and decide course of action.

&#x200B;

In may 2015  [/BTC-OTC/](https://localbitcoins.com/p/BTC-OTC/)  scammed me and other 6 persons using bank transfer chargeback which led to my bank account being closed and all my funds frozen for 45 days.  At the time BTC-OTC  was one of the most reputable traders on  Localbitcoins.

I  shortly reported this to localbitcoins.com whitch led to BTC-OTC's account being banned and funds being locked - [HERE](https://puu.sh/BhjCz/37f0ab1fc8.png)  also made a police fraud complaint to the relevant authority in UK

Localbitcoins freezed the funds stating the following in my support ticket  - [HERE](https://puu.sh/BhmDT/0a136c253b.png)

Since then I've been actively trying to get my coins with no result receiving only one single reply on my support ticket in 8 months

When contacting Max on linkedin his reply was - [HERE](http://puu.sh/BhmJU/01610eaef4.png)

When contacting Max on reddit his reply was - [ HERE](http://puu.sh/BhmIn/71ff537bcf.png)   nevertheless 6 months passed with no reply on my ticket.

I emailed  Jeremias Kangas (CEO & Founder of LBC)  with no success. Also in my numerous visits at Metropolitan Police with this issue I was advised the same, this is a localbitcoins.com customer service issue not a legal issue.

Police official statement on my complaint   -  [ HERE](https://puu.sh/BhmOd/9045da5342.png)

National Fraud Intelligence Bureau advised  to change my fraud complaint against localbitcoins in order for them to investigate and contact localbitcoins regarding the case.

After 6 months of waiting, Max's reply was - [HERE](http://puu.sh/BhmTD/d93973a8bf.png) , after sharing all the info on both support ticket and email he replied on email   [HERE](https://puu.sh/BhmXK/a213a8d27b.png)

I knew this won't go anywhere so meanwhile I found a Metropolitan Police Sergeant specialized in blockchain and cyber-crime that understood this issue and decided to help me by contacting them using the fraud report I made in 2015.

Almost 2 months passed since he contacted localbitcoins (3 times) receiving no reply.

Reason I'm posting this is because  there are other 5 persons in this very situation, also other hundreds based on the posts complaining online.

Now I'm in the process of taking legal action. I've been in contact with over 40 lawyers from Finland, and found only 2 that are looking to take this case and quoted me at ‚Ç¨10.000 to  ‚Ç¨15.000 for civil proceedings,

Finnish Law allows only Ombudsman to initiate  a class action lawsuit so this can be settled only in civil court

If you are a victim of this or you can help please get in touch.",2018-08-20T23:09:26
134,AV6T9JQY8UEMRJLPVCIU0GJZ7,LeeWallis,"It's official! 1 Bitcoin = $10,000 USD",Bitcoin,https://v.redd.it/e7io27rdgt001,,2017-11-29T09:25:24
135,AV6T9JYMRT0CA65616L6AIIOZ,Tricky_Troll,The last 3 months in 47 seconds.,Bitcoin,https://v.redd.it/typ8fdslz3e01,,2018-02-04T10:42:03
136,AV6T9NL7Q59E2TBSSDOZ1FWV7,sunilross,What he would be wishing now? üòÇ,Bitcoin,https://i.redd.it/shu3p1cshi601.jpg,,2017-12-28T02:54:29
137,AV6T9MQHMAUK0B6051FLX8203,jrs0080,Whoever put this up deserves a medal,Bitcoin,https://i.redd.it/b5ndht3yjms01.jpg,,2018-04-18T16:04:40
138,AV6T9NSW93V3LFV8Y7RBBHVKZ,Hync,"Lily Allen turned down 200K in Bitcoins for a gig in 2009 which is worth $1,426,199,000 as of this writing",Bitcoin,https://www.independent.co.uk/arts-entertainment/music/news/lily-allen-calls-herself-an-idiot-for-declining-bitcoin-payment-now-worth-millions-9046211.html,,2017-11-04T18:57:10
139,AV6T9O89B12IMOY59VVZVLT0J,paperraincoat,Eleven!,Bitcoin,https://i.redd.it/07te6jshxe101.jpg,,2017-12-02T09:34:53
140,AV6T9K6BARM1SSOM70NIKKHER,wolfwolfz,It's over 9000!!!,Bitcoin,https://i.imgur.com/jyoZGyW.gifv,,2017-11-26T12:55:02
141,AV6T9O0KS2GT42EP41TNLJUAR,packetinspector,Bitcoinity USD $4000 gif,Bitcoin,http://i.imgur.com/TKiAJWX.gifv,,2017-08-13T09:47:07
142,AV6T9LVRIGFPXT07HP68T074Z,Tricky_Troll,Bitcoin Doesn't Give a Fuck.,Bitcoin,https://v.redd.it/ty2y74gawug01,,2018-02-18T07:19:24
143,AV6T9N5UO81Z1K8WGPKAHBZFN,danielwilson666,Bitcoin today,Bitcoin,https://v.redd.it/kvztwkfpqd501,,2017-12-22T09:52:04
144,AV6T9MY659G9IXPGAVHY7A0PV,vindico_silenti,BTC dropping due to lack of quality 11k memes. Closest support line is at 9k Vegeta memes.,Bitcoin,https://www.reddit.com/r/Bitcoin/comments/7gg0j2/btc_dropping_due_to_lack_of_quality_11k_memes/,,2017-11-30T03:40:53
145,AV6T9ONMCY9XNY11LK0OFPQG3,MichKOG,Almost everyone now is an Investor,Bitcoin,https://imgur.com/nb33jRX,,2017-12-01T02:58:39
146,AV6T9L8PXKMLDXDV06Z7YUAZN,benjaminikuta,Nothing can increase by that much and still be a good investment.,Bitcoin,https://i.imgur.com/oWePY7q.jpg,,2017-12-13T16:02:51
147,AV6T9KDZTQ7RBF82CUPUUMG4J,[deleted],Everyone who's trading BTC right now,Bitcoin,http://cdn.mutually.com/wp-content/uploads/2017/06/08-19.jpg,,2018-01-07T04:38:56
148,AV6T9OVAVWVN6KKHRE30PRP5V,swahlgren,"Danish Bitcoin billionaire new sponsor of professional Danish ice hockey team. Stadium to be renamed ""Bitcoin Arena"" and get a huge Bitcoin logo in the middle of the ice!",Bitcoin,https://www.business.dk/virksomheder/dansk-bitcoin-milliardaer-ny-sponsor-i-seiers-ishockeyklub-topspiller,,2017-12-14T21:17:55
149,AV6T9LGEGJ8AWJXB611K8W9PF,Kittstar123,"This is why I want bitcoin to hit $10,000",Bitcoin,https://i.redd.it/fhzsxgcv9nyz.jpg,,2017-11-18T10:25:57
